시군명,기준년월,월별신규가입자수(명),월별충전액(백만원),월별사용액(백만원)
가평군,2026-07,69,4429,4467
가평군,2026-06,61,3790,3756
가평군,2026-05,105,4125,4158
가평군,2026-04,68,4384,4565
가평군,2026-03,57,4893,4359
가평군,2026-02,53,3447,3573
가평군,2026-01,89,4374,3660
가평군,2025-12,65,2380,2635
가평군,2025-11,59,3026,3225
가평군,2025-10,111,2555,3290
가평군,2025-09,287,6664,4224
가평군,2025-08,194,2927,2758
가평군,2025-07,509,3131,2793
가평군,2025-06,215,3035,2942
가평군,2025-05,261,3141,3109
가평군,2025-04,388,3063,3038
가평군,2025-03,860,3002,3008
가평군,2025-02,837,2655,2614
가평군,2025-01,690,2717,2638
가평군,2024-12,641,2796,3324
가평군,2024-11,633,2785,2511
가평군,2024-10,752,2667,2962
가평군,2024-09,614,2628,1780
가평군,2024-08,658,2634,1900
가평군,2024-07,678,2470,2204
가평군,2024-06,719,2364,1311
가평군,2024-05,543,2520,1529
가평군,2024-04,663,2448,1386
가평군,2024-03,587,2344,1367
가평군,2024-02,547,2178,602
가평군,2024-01,552,2154,1667
고양시,2026-07,1696,2630,4143
고양시,2026-06,2596,3997,5558
고양시,2026-05,3149,7389,7591
고양시,2026-04,3485,7446,7703
고양시,2026-03,3638,8454,8577
고양시,2026-02,3287,7382,7275
고양시,2026-01,4075,7500,7887
고양시,2025-12,6154,9758,9530
고양시,2025-11,4522,9055,8895
고양시,2025-10,4890,6986,6924
고양시,2025-09,5197,6407,6090
고양시,2025-08,8496,8481,7095
고양시,2025-07,13051,9653,3106
고양시,2025-06,2489,399,1067
고양시,2025-05,2398,446,1355
고양시,2025-04,2852,587,1776
고양시,2025-03,3549,647,2600
고양시,2025-02,4527,745,3502
고양시,2025-01,4713,901,6403
고양시,2024-12,4709,11381,12555
고양시,2024-11,5880,13886,12311
고양시,2024-10,7389,10485,11758
고양시,2024-09,6633,16462,11277
고양시,2024-08,5088,10091,9543
고양시,2024-07,4310,10110,8808
고양시,2024-06,3127,10296,7635
고양시,2024-05,3331,7843,3789
고양시,2024-04,2515,654,819
고양시,2024-03,2400,727,2498
고양시,2024-02,3021,864,3472
고양시,2024-01,3827,1264,6727
과천시,2026-07,555,2459,2632
과천시,2026-06,612,2437,2788
과천시,2026-05,697,2445,3063
과천시,2026-04,783,2438,3479
과천시,2026-03,1073,3739,6305
과천시,2026-02,794,7137,5336
과천시,2026-01,926,3261,5533
과천시,2025-12,986,7457,6454
과천시,2025-11,1102,6903,6962
과천시,2025-10,997,6458,4932
과천시,2025-09,1207,5628,4541
과천시,2025-08,1398,3298,3718
과천시,2025-07,1955,5369,4282
과천시,2025-06,649,2637,3848
과천시,2025-05,713,3003,4405
과천시,2025-04,1079,4107,4529
과천시,2025-03,1317,3939,4924
과천시,2025-02,1154,3597,4641
과천시,2025-01,1202,9788,4814
과천시,2024-12,779,3411,5521
과천시,2024-11,940,3199,3813
과천시,2024-10,1019,2868,4058
과천시,2024-09,1142,8639,4072
과천시,2024-08,820,3622,3416
과천시,2024-07,924,3870,3281
과천시,2024-06,778,4650,2075
과천시,2024-05,971,2814,2536
과천시,2024-04,920,2662,2562
과천시,2024-03,994,2529,2714
과천시,2024-02,1299,5721,2611
과천시,2024-01,838,2502,977
광명시,2026-07,2746,25414,28190
광명시,2026-06,3249,27061,28195
광명시,2026-05,4444,26303,28391
광명시,2026-04,3450,24516,27864
광명시,2026-03,3800,23974,29757
광명시,2026-02,2933,26636,27149
광명시,2026-01,3483,17407,28753
광명시,2025-12,3810,40211,30474
광명시,2025-11,2358,51036,31246
광명시,2025-10,3767,24919,24813
광명시,2025-09,4317,20625,19364
광명시,2025-08,4955,16566,15665
광명시,2025-07,6165,22800,16410
광명시,2025-06,1907,13357,14338
광명시,2025-05,1766,13062,14812
광명시,2025-04,4557,12763,14992
광명시,2025-03,10054,12221,15066
광명시,2025-02,41446,11126,10465
광명시,2025-01,18264,25873,10754
광명시,2024-12,2615,4310,8798
광명시,2024-11,2512,10570,11885
광명시,2024-10,3024,9884,12920
광명시,2024-09,2606,17060,13734
광명시,2024-08,2459,11553,12484
광명시,2024-07,2201,11216,12383
광명시,2024-06,1945,10585,12567
광명시,2024-05,2291,17966,14094
광명시,2024-04,2436,11772,11748
광명시,2024-03,2645,9935,11374
광명시,2024-02,2244,16097,11139
광명시,2024-01,2481,11604,8169
광주시,2026-07,1749,7466,7782
광주시,2026-06,2024,7444,7453
광주시,2026-05,3141,7470,7664
광주시,2026-04,1841,7607,8855
광주시,2026-03,1731,7618,9975
광주시,2026-02,1643,11547,11179
광주시,2026-01,2012,11335,11348
광주시,2025-12,2015,6912,8862
광주시,2025-11,2037,7152,10569
광주시,2025-10,3627,15467,11510
광주시,2025-09,4997,17287,11434
광주시,2025-08,6902,8562,8694
광주시,2025-07,8042,11617,9547
광주시,2025-06,2077,9338,9668
광주시,2025-05,1652,9553,10190
광주시,2025-04,2472,9323,9985
광주시,2025-03,2356,9558,11172
광주시,2025-02,2470,7801,10544
광주시,2025-01,2695,17196,10465
광주시,2024-12,1921,9332,16964
광주시,2024-11,2015,9284,10557
광주시,2024-10,2953,8614,11757
광주시,2024-09,2749,15753,11701
광주시,2024-08,2100,9958,11102
광주시,2024-07,1880,10141,11320
광주시,2024-06,1527,10868,9388
광주시,2024-05,1651,9350,9607
광주시,2024-04,1928,9468,10000
광주시,2024-03,1876,8083,10491
광주시,2024-02,2413,16471,10987
광주시,2024-01,2473,8153,9089
구리시,2026-07,1233,5175,6247
구리시,2026-06,1626,5194,6600
구리시,2026-05,2113,9416,7543
구리시,2026-04,2056,5988,7852
구리시,2026-03,1903,6363,10761
구리시,2026-02,1556,15180,10152
구리시,2026-01,1675,7024,9609
구리시,2025-12,1970,9084,10479
구리시,2025-11,1798,10902,10891
구리시,2025-10,2119,9773,9149
구리시,2025-09,2792,10216,9012
구리시,2025-08,3577,11141,7570
구리시,2025-07,4189,5646,7155
구리시,2025-06,1313,4478,8047
구리시,2025-05,1715,16436,9279
구리시,2025-04,1685,5601,7075
구리시,2025-03,1794,5796,7963
구리시,2025-02,1986,4306,7778
구리시,2025-01,2215,15703,8373
구리시,2024-12,1399,5952,7251
구리시,2024-11,1624,5555,7423
구리시,2024-10,2213,4497,8080
구리시,2024-09,2143,15385,8418
구리시,2024-08,1594,5632,7149
구리시,2024-07,1505,5576,7529
구리시,2024-06,1480,4460,7695
구리시,2024-05,1995,14114,8826
구리시,2024-04,1681,4992,7202
구리시,2024-03,1842,4510,8014
구리시,2024-02,2208,15556,8354
구리시,2024-01,1745,5259,6826
군포시,2026-07,1083,5864,5950
군포시,2026-06,1386,5847,5709
군포시,2026-05,1713,5882,5757
군포시,2026-04,1674,5936,6367
군포시,2026-03,1643,6628,8349
군포시,2026-02,1435,7765,7463
군포시,2026-01,1851,7311,9341
군포시,2025-12,2411,10428,10252
군포시,2025-11,2201,10378,10265
군포시,2025-10,2385,8813,7881
군포시,2025-09,3148,10592,7837
군포시,2025-08,3501,5566,6429
군포시,2025-07,5217,9192,7614
군포시,2025-06,1480,6104,7251
군포시,2025-05,1290,6222,7925
군포시,2025-04,2207,8789,8225
군포시,2025-03,2423,8830,8562
군포시,2025-02,2402,8885,7442
군포시,2025-01,2259,9333,7303
군포시,2024-12,1647,6945,7938
군포시,2024-11,1995,6617,7694
군포시,2024-10,2467,6176,8202
군포시,2024-09,2497,12840,8236
군포시,2024-08,1942,6952,7464
군포시,2024-07,1811,7318,6970
군포시,2024-06,1468,8260,7065
군포시,2024-05,1330,6344,7394
군포시,2024-04,1816,6203,7706
군포시,2024-03,1912,5837,8231
군포시,2024-02,2443,14017,8242
군포시,2024-01,1861,5906,6023
김포시,2026-07,1988,7934,8247
김포시,2026-06,2105,7892,7768
김포시,2026-05,3039,8100,8408
김포시,2026-04,2168,8212,9232
김포시,2026-03,2957,8343,10732
김포시,2026-02,2115,11965,11122
김포시,2026-01,1984,9788,12010
김포시,2025-12,2904,13778,13610
김포시,2025-11,2781,13708,13128
김포시,2025-10,3098,13347,10365
김포시,2025-09,3881,10261,9761
김포시,2025-08,3206,8998,8592
김포시,2025-07,10083,11622,9552
김포시,2025-06,2212,8707,8721
김포시,2025-05,2038,8762,9034
김포시,2025-04,3086,8807,8970
김포시,2025-03,2545,8854,9673
김포시,2025-02,1871,8711,9182
김포시,2025-01,2508,10647,9847
김포시,2024-12,1758,10499,10766
김포시,2024-11,2102,10383,11179
김포시,2024-10,2559,11140,11485
김포시,2024-09,2380,8838,9755
김포시,2024-08,2501,10750,12105
김포시,2024-07,2462,11207,12685
김포시,2024-06,1565,12229,11928
김포시,2024-05,1534,9791,10740
김포시,2024-04,9792,9724,10853
김포시,2024-03,2585,9665,12137
김포시,2024-02,4000,15151,11700
김포시,2024-01,2382,9686,10909
남양주시,2026-07,4513,26302,26775
남양주시,2026-06,5238,24670,24855
남양주시,2026-05,7206,25019,25662
남양주시,2026-04,5992,24957,26109
남양주시,2026-03,6512,27651,30805
남양주시,2026-02,5599,33817,26110
남양주시,2026-01,7215,24002,24384
남양주시,2025-12,5764,25985,26842
남양주시,2025-11,5073,25512,27742
남양주시,2025-10,6854,30367,24385
남양주시,2025-09,9422,22139,22771
남양주시,2025-08,12189,20618,19786
남양주시,2025-07,13856,22065,21661
남양주시,2025-06,4942,23550,23818
남양주시,2025-05,4802,22889,24788
남양주시,2025-04,6085,21749,25049
남양주시,2025-03,5977,28930,28573
남양주시,2025-02,5871,26743,25007
남양주시,2025-01,5885,30711,24129
남양주시,2024-12,4488,20736,20997
남양주시,2024-11,5164,19856,20414
남양주시,2024-10,6006,19186,21911
남양주시,2024-09,5178,28401,22917
남양주시,2024-08,5079,20252,20521
남양주시,2024-07,4752,20014,20073
남양주시,2024-06,4063,19807,19837
남양주시,2024-05,4864,20179,20879
남양주시,2024-04,5108,19473,20502
남양주시,2024-03,5008,19096,21738
남양주시,2024-02,4905,26797,21272
남양주시,2024-01,4957,18927,18978
동두천시,2026-07,564,2172,2405
동두천시,2026-06,598,1783,2227
동두천시,2026-05,900,3045,2310
동두천시,2026-04,870,1977,2222
동두천시,2026-03,752,1931,2349
동두천시,2026-02,554,2747,2118
동두천시,2026-01,623,1623,2045
동두천시,2025-12,796,2368,2226
동두천시,2025-11,709,2109,2139
동두천시,2025-10,953,2447,1930
동두천시,2025-09,1334,2446,1720
동두천시,2025-08,1417,1374,1364
동두천시,2025-07,2222,1625,1508
동두천시,2025-06,711,1449,1518
동두천시,2025-05,597,1563,1664
동두천시,2025-04,764,1485,1640
동두천시,2025-03,812,1508,1814
동두천시,2025-02,699,1141,1691
동두천시,2025-01,649,2261,1989
동두천시,2024-12,740,1950,2709
동두천시,2024-11,726,1843,1809
동두천시,2024-10,682,1614,1955
동두천시,2024-09,558,3208,1918
동두천시,2024-08,551,1476,1480
동두천시,2024-07,589,1554,997
동두천시,2024-06,546,1456,1177
동두천시,2024-05,614,2285,1891
동두천시,2024-04,666,1284,1657
동두천시,2024-03,585,1135,1608
동두천시,2024-02,565,2974,1543
동두천시,2024-01,487,1160,701
부천시,2026-07,4148,21430,24709
부천시,2026-06,5224,23266,25906
부천시,2026-05,8028,28586,28374
부천시,2026-04,5713,23318,28428
부천시,2026-03,5779,33891,31526
부천시,2026-02,4014,27634,26551
부천시,2026-01,4422,17764,29052
부천시,2025-12,5876,35481,31984
부천시,2025-11,5380,31655,32178
부천시,2025-10,6987,31553,27356
부천시,2025-09,9282,44860,25080
부천시,2025-08,9508,18158,16794
부천시,2025-07,13827,26147,16483
부천시,2025-06,3247,14276,11871
부천시,2025-05,2608,8145,9726
부천시,2025-04,4503,10999,12814
부천시,2025-03,4467,13830,15055
부천시,2025-02,5233,12663,14063
부천시,2025-01,5710,22025,15592
부천시,2024-12,2816,3606,8444
부천시,2024-11,4721,14849,17249
부천시,2024-10,6305,15308,19390
부천시,2024-09,6169,26456,20880
부천시,2024-08,4786,18689,19609
부천시,2024-07,3861,19628,19602
부천시,2024-06,2831,21537,19083
부천시,2024-05,3413,16540,18050
부천시,2024-04,3662,15782,18216
부천시,2024-03,5025,15041,20112
부천시,2024-02,5350,26168,21666
부천시,2024-01,4858,12573,20301
성남시,2026-07,4913,25030,35598
성남시,2026-06,18018,40022,37125
성남시,2026-05,47103,40031,33158
성남시,2026-04,14751,30030,31809
성남시,2026-03,7883,26302,37242
성남시,2026-02,2746,50071,36162
성남시,2026-01,7329,20266,34708
성남시,2025-12,7048,28010,41423
성남시,2025-11,6841,17742,40310
성남시,2025-10,11211,69203,46601
성남시,2025-09,7562,16590,36470
성남시,2025-08,6043,11766,39450
성남시,2025-07,15529,10440,51876
성남시,2025-06,11274,100270,65330
성남시,2025-05,9885,88236,62579
성남시,2025-04,9434,58222,50398
성남시,2025-03,9833,61578,47463
성남시,2025-02,8831,58185,40831
성남시,2025-01,18338,88730,31053
성남시,2024-12,4654,17081,15385
성남시,2024-11,4320,10041,12741
성남시,2024-10,5086,10041,14645
성남시,2024-09,7954,30108,16836
성남시,2024-08,6109,10048,12297
성남시,2024-07,4101,10029,13111
성남시,2024-06,2790,10041,14799
성남시,2024-05,3838,16095,20175
성남시,2024-04,3528,15514,20293
성남시,2024-03,5066,15763,22430
성남시,2024-02,9493,40021,23002
성남시,2024-01,7344,15329,18830
수원시,2026-07,4928,21751,25288
수원시,2026-06,4643,24611,26679
수원시,2026-05,5629,22632,28681
수원시,2026-04,7508,24368,32373
수원시,2026-03,8186,24933,38875
수원시,2026-02,8862,64477,39617
수원시,2026-01,8430,23983,35846
수원시,2025-12,9616,29849,40562
수원시,2025-11,8395,30735,49907
수원시,2025-10,16558,91717,50585
수원시,2025-09,11320,24073,38371
수원시,2025-08,15764,69525,51767
수원시,2025-07,18471,23281,22717
수원시,2025-06,6509,20865,22067
수원시,2025-05,6192,21070,24396
수원시,2025-04,9769,20210,25765
수원시,2025-03,10658,20001,29868
수원시,2025-02,19941,21527,35374
수원시,2025-01,33752,95743,33781
수원시,2024-12,8157,19491,23415
수원시,2024-11,8854,20887,23538
수원시,2024-10,11170,18469,26037
수원시,2024-09,10834,38117,30375
수원시,2024-08,8432,24711,25737
수원시,2024-07,6771,26141,25390
수원시,2024-06,5268,30226,24396
수원시,2024-05,5979,19288,22336
수원시,2024-04,7017,19769,23026
수원시,2024-03,8291,18634,22787
수원시,2024-02,10050,38781,23661
수원시,2024-01,7743,18840,22427
시흥시,2026-07,1013,10310,15107
시흥시,2026-06,3298,20454,21117
시흥시,2026-05,3596,21063,22491
시흥시,2026-04,3506,21142,23390
시흥시,2026-03,4097,20563,25196
시흥시,2026-02,2932,30749,23867
시흥시,2026-01,6482,18192,22276
시흥시,2025-12,448,22405,21651
시흥시,2025-11,3120,23270,24078
시흥시,2025-10,2347,23016,21911
시흥시,2025-09,4998,29125,21211
시흥시,2025-08,2735,15358,19232
시흥시,2025-07,6814,31061,21934
시흥시,2025-06,2641,17055,17436
시흥시,2025-05,2288,17289,18173
시흥시,2025-04,2032,16958,17940
시흥시,2025-03,2697,17134,19071
시흥시,2025-02,2030,15509,18232
시흥시,2025-01,4914,31470,18488
시흥시,2024-12,1838,3824,9691
시흥시,2024-11,2221,18675,18120
시흥시,2024-10,2640,17610,37968
시흥시,2024-09,3167,23251,20192
시흥시,2024-08,2533,18699,18622
시흥시,2024-07,2250,19092,17595
시흥시,2024-06,2162,21165,19809
시흥시,2024-05,2996,18359,19527
시흥시,2024-04,2384,18079,19272
시흥시,2024-03,3290,17840,20625
시흥시,2024-02,3398,24554,20456
시흥시,2024-01,3109,16121,17699
안산시,2026-07,3882,20862,20754
안산시,2026-06,4865,20891,20068
안산시,2026-05,7411,21088,20626
안산시,2026-04,5244,21400,22891
안산시,2026-03,4812,22417,27058
안산시,2026-02,3857,28921,27746
안산시,2026-01,4463,25716,27393
안산시,2025-12,5187,29156,28909
안산시,2025-11,5187,27969,27948
안산시,2025-10,8010,29672,27896
안산시,2025-09,10578,22279,22380
안산시,2025-08,18070,22066,19926
안산시,2025-07,14114,21565,17002
안산시,2025-06,4323,17419,17301
안산시,2025-05,3690,17146,17822
안산시,2025-04,5086,16895,17257
안산시,2025-03,5614,16814,17616
안산시,2025-02,5201,16257,15615
안산시,2025-01,1865,19197,15946
안산시,2024-12,3595,18807,15158
안산시,2024-11,3254,11150,12185
안산시,2024-10,4200,10481,13542
안산시,2024-09,4133,19750,13839
안산시,2024-08,3239,11265,12020
안산시,2024-07,3107,11473,12033
안산시,2024-06,2401,11734,11216
안산시,2024-05,2510,13009,12907
안산시,2024-04,3106,10657,12554
안산시,2024-03,3267,10155,13995
안산시,2024-02,3496,20029,14433
안산시,2024-01,3344,10193,13194
안성시,2026-07,1667,5746,6065
안성시,2026-06,1622,5775,6115
안성시,2026-05,2361,5733,6075
안성시,2026-04,1515,5755,6557
안성시,2026-03,1507,5769,7133
안성시,2026-02,1439,10283,6901
안성시,2026-01,1406,4594,5212
안성시,2025-12,1706,4186,5343
안성시,2025-11,1526,5276,7365
안성시,2025-10,2551,9130,7693
안성시,2025-09,3321,10156,6858
안성시,2025-08,3810,4764,5208
안성시,2025-07,5745,7182,5186
안성시,2025-06,1583,4100,4439
안성시,2025-05,1093,4170,5089
안성시,2025-04,1627,4161,5567
안성시,2025-03,1990,3969,6062
안성시,2025-02,2486,6132,6073
안성시,2025-01,2440,11450,6775
안성시,2024-12,1305,4782,5366
안성시,2024-11,973,4117,5112
안성시,2024-10,1340,3534,6626
안성시,2024-09,1199,8918,5797
안성시,2024-08,1020,4431,5066
안성시,2024-07,1181,4533,4761
안성시,2024-06,1172,4860,6557
안성시,2024-05,952,4149,5032
안성시,2024-04,1233,3966,5011
안성시,2024-03,1530,3741,5509
안성시,2024-02,1359,6405,5216
안성시,2024-01,1838,3608,3877
안양시,2026-07,2584,8459,9131
안양시,2026-06,3494,8585,9000
안양시,2026-05,4142,8525,9503
안양시,2026-04,3182,8901,10559
안양시,2026-03,3434,9542,12901
안양시,2026-02,2530,8927,12204
안양시,2026-01,3804,8467,16639
안양시,2025-12,5683,23771,24033
안양시,2025-11,5784,24882,23735
안양시,2025-10,6871,24510,18392
안양시,2025-09,8469,22309,16479
안양시,2025-08,17437,14471,11965
안양시,2025-07,3829,14706,11750
안양시,2025-06,3286,7809,10236
안양시,2025-05,3392,7434,12182
안양시,2025-04,5765,16369,16641
안양시,2025-03,6055,16996,14539
안양시,2025-02,6116,16943,13713
안양시,2025-01,4983,18547,10504
안양시,2024-12,3157,8246,8742
안양시,2024-11,3523,8050,8727
안양시,2024-10,4337,8027,9818
안양시,2024-09,4435,11439,10450
안양시,2024-08,3868,11537,11073
안양시,2024-07,3080,11539,11981
안양시,2024-06,2338,11742,10077
안양시,2024-05,2242,9358,9459
안양시,2024-04,2444,9543,8897
안양시,2024-03,2712,6861,8810
안양시,2024-02,3354,9741,8945
안양시,2024-01,3208,7328,12915
양주시,2026-07,1129,4088,4069
양주시,2026-06,1029,4102,3803
양주시,2026-05,1370,3010,3482
양주시,2026-04,1687,3086,4156
양주시,2026-03,1474,3200,5490
양주시,2026-02,1329,6273,5738
양주시,2026-01,1727,5056,6309
양주시,2025-12,1903,10988,6997
양주시,2025-11,1502,5850,6150
양주시,2025-10,1648,5082,5323
양주시,2025-09,2587,5004,5676
양주시,2025-08,3436,7745,5173
양주시,2025-07,5670,6010,4871
양주시,2025-06,1944,5896,4519
양주시,2025-05,1247,3806,4023
양주시,2025-04,1914,3819,4017
양주시,2025-03,1925,3816,4277
양주시,2025-02,1903,3342,3978
양주시,2025-01,2209,6456,4156
양주시,2024-12,1214,2242,5164
양주시,2024-11,1569,2615,2684
양주시,2024-10,2024,4717,5095
양주시,2024-09,1992,4916,4753
양주시,2024-08,1637,4583,5137
양주시,2024-07,1576,4732,5705
양주시,2024-06,1270,4890,4433
양주시,2024-05,1239,4728,4809
양주시,2024-04,1541,4102,4669
양주시,2024-03,1852,4041,5071
양주시,2024-02,2055,5522,4926
양주시,2024-01,1724,3715,5375
양평군,2026-07,937,3881,3874
양평군,2026-06,1158,3786,3784
양평군,2026-05,1247,4012,4041
양평군,2026-04,973,4198,4363
양평군,2026-03,1023,4018,4438
양평군,2026-02,684,4294,4183
양평군,2026-01,934,4136,4113
양평군,2025-12,1063,4289,4458
양평군,2025-11,908,4255,4741
양평군,2025-10,1450,5194,4402
양평군,2025-09,1923,3754,3912
양평군,2025-08,2209,3446,3418
양평군,2025-07,3412,3570,3482
양평군,2025-06,929,3831,3922
양평군,2025-05,726,3869,4209
양평군,2025-04,1029,3742,4219
양평군,2025-03,1229,3482,4661
양평군,2025-02,1677,5077,4415
양평군,2025-01,1647,5802,3716
양평군,2024-12,1377,3261,4101
양평군,2024-11,840,3232,3082
양평군,2024-10,941,3051,3457
양평군,2024-09,1138,5125,4091
양평군,2024-08,817,3148,4125
양평군,2024-07,1060,3610,5329
양평군,2024-06,1071,5624,6617
양평군,2024-05,950,6086,6712
양평군,2024-04,1321,6128,5803
양평군,2024-03,1086,4726,4854
양평군,2024-02,1090,5969,5759
양평군,2024-01,1324,4617,6246
여주시,2026-07,875,3617,4278
여주시,2026-06,977,3532,4282
여주시,2026-05,1601,6247,4468
여주시,2026-04,1089,3734,4178
여주시,2026-03,878,3965,4283
여주시,2026-02,765,3585,3867
여주시,2026-01,974,2866,3893
여주시,2025-12,769,4766,4424
여주시,2025-11,896,4482,4401
여주시,2025-10,1401,4281,3855
여주시,2025-09,1918,6079,3572
여주시,2025-08,2627,2532,2621
여주시,2025-07,2998,3264,2777
여주시,2025-06,981,2809,2872
여주시,2025-05,872,2977,3124
여주시,2025-04,1310,2787,3088
여주시,2025-03,1739,2708,3255
여주시,2025-02,1020,2217,2904
여주시,2025-01,1110,4716,3247
여주시,2024-12,867,2263,3604
여주시,2024-11,683,2682,3191
여주시,2024-10,836,2082,3627
여주시,2024-09,925,6597,4136
여주시,2024-08,823,2765,3968
여주시,2024-07,1012,2746,5496
여주시,2024-06,844,2573,3071
여주시,2024-05,945,4663,3487
여주시,2024-04,1153,2728,3425
여주시,2024-03,1178,2449,3753
여주시,2024-02,955,5022,4066
여주시,2024-01,1198,2406,4558
연천군,2026-07,1053,2450,2456
연천군,2026-06,1360,2081,2149
연천군,2026-05,274,2150,2242
연천군,2026-04,2616,1971,2039
연천군,2026-03,2903,2389,2205
연천군,2026-02,1572,1949,2260
연천군,2026-01,1600,2008,2588
연천군,2025-12,4226,3557,2826
연천군,2025-11,918,2975,2699
연천군,2025-10,976,2687,2185
연천군,2025-09,1119,2378,1838
연천군,2025-08,1114,1449,1433
연천군,2025-07,1787,1871,1627
연천군,2025-06,486,1670,1600
연천군,2025-05,487,1762,1762
연천군,2025-04,622,1722,1732
연천군,2025-03,693,1662,1735
연천군,2025-02,522,1510,1383
연천군,2025-01,606,1416,2816
연천군,2024-12,564,2325,1189
연천군,2024-11,474,1624,1207
연천군,2024-10,662,1580,1249
연천군,2024-09,424,1546,1202
연천군,2024-08,479,1624,1298
연천군,2024-07,479,1624,1292
연천군,2024-06,781,1341,1155
연천군,2024-05,584,1458,1285
연천군,2024-04,536,1400,1220
연천군,2024-03,940,1342,1143
연천군,2024-02,1015,1213,1017
연천군,2024-01,1407,1236,1035
오산시,2026-07,1496,7913,7865
오산시,2026-06,1746,7940,7613
오산시,2026-05,2384,8334,7242
오산시,2026-04,2260,7936,7934
오산시,2026-03,2040,8803,8783
오산시,2026-02,1556,6000,6773
오산시,2026-01,2109,6275,8914
오산시,2025-12,2399,10894,9851
오산시,2025-11,2001,8896,9550
오산시,2025-10,2496,7895,8186
오산시,2025-09,3331,7606,8169
오산시,2025-08,4588,7737,7339
오산시,2025-07,5737,13477,6248
오산시,2025-06,2155,4585,4653
오산시,2025-05,1506,5539,4833
오산시,2025-04,2222,4626,5470
오산시,2025-03,2499,4274,5505
오산시,2025-02,2117,3512,5542
오산시,2025-01,2658,9417,5080
오산시,2024-12,1567,5507,5324
오산시,2024-11,1522,4180,3879
오산시,2024-10,1796,4130,3945
오산시,2024-09,1775,6907,4214
오산시,2024-08,1248,4105,3336
오산시,2024-07,1239,4233,1585
오산시,2024-06,1161,4600,4182
오산시,2024-05,1218,5527,3989
오산시,2024-04,1286,3716,3650
오산시,2024-03,1463,3769,4045
오산시,2024-02,1574,5435,4882
오산시,2024-01,1408,3714,743
용인시,2026-07,4631,17280,20632
용인시,2026-06,5100,21926,22326
용인시,2026-05,6203,19937,23621
용인시,2026-04,7055,22079,26049
용인시,2026-03,7312,22641,32992
용인시,2026-02,5417,23788,33500
용인시,2026-01,7517,22920,43267
용인시,2025-12,8304,62888,42553
용인시,2025-11,7769,50810,46464
용인시,2025-10,9012,44381,37970
용인시,2025-09,12260,23871,23898
용인시,2025-08,13776,23871,23898
용인시,2025-07,18029,38021,25540
용인시,2025-06,5911,20591,20400
용인시,2025-05,5017,20631,20814
용인시,2025-04,7724,20876,21005
용인시,2025-03,9102,20893,22183
용인시,2025-02,8505,20780,20276
용인시,2025-01,10224,29308,19949
용인시,2024-12,5876,12015,13857
용인시,2024-11,7233,14403,16957
용인시,2024-10,7796,15015,20495
용인시,2024-09,8057,25364,22852
용인시,2024-08,6577,23747,26583
용인시,2024-07,5942,26335,26593
용인시,2024-06,4708,27899,25574
용인시,2024-05,5638,23242,24015
용인시,2024-04,5488,19834,23621
용인시,2024-03,8903,17072,26135
용인시,2024-02,8204,31911,27177
용인시,2024-01,7163,13641,27593
의왕시,2026-07,958,2504,2672
의왕시,2026-06,1171,2495,2567
의왕시,2026-05,1328,2507,2703
의왕시,2026-04,1294,2560,3014
의왕시,2026-03,1303,2634,3752
의왕시,2026-02,1307,5252,3819
의왕시,2026-01,1508,3459,3708
의왕시,2025-12,1578,2747,3422
의왕시,2025-11,1510,3325,4148
의왕시,2025-10,1842,4581,3605
의왕시,2025-09,2370,4189,3586
의왕시,2025-08,2771,3048,2868
의왕시,2025-07,3563,3554,3141
의왕시,2025-06,1167,3328,3237
의왕시,2025-05,1201,3349,3325
의왕시,2025-04,1752,3349,3376
의왕시,2025-03,1873,3331,3533
의왕시,2025-02,1828,3280,3200
의왕시,2025-01,2082,4868,3562
의왕시,2024-12,1304,3325,3491
의왕시,2024-11,1335,3426,3661
의왕시,2024-10,1765,3040,3453
의왕시,2024-09,1965,4368,3208
의왕시,2024-08,1411,3173,2678
의왕시,2024-07,1231,3262,1012
의왕시,2024-06,906,3894,2503
의왕시,2024-05,990,2614,2989
의왕시,2024-04,1082,2621,2965
의왕시,2024-03,1196,2613,3100
의왕시,2024-02,1579,4405,2662
의왕시,2024-01,1249,2299,1717
의정부시,2026-07,1509,4345,4439
의정부시,2026-06,1667,4315,4126
의정부시,2026-05,2256,4348,4114
의정부시,2026-04,2174,4558,4148
의정부시,2026-03,1689,4656,4373
의정부시,2026-02,1506,3543,3405
의정부시,2026-01,2158,3721,3605
의정부시,2025-12,2723,3547,3770
의정부시,2025-11,2059,3409,3897
의정부시,2025-10,2723,3115,3386
의정부시,2025-09,3770,3083,4157
의정부시,2025-08,4094,5140,4538
의정부시,2025-07,6902,7021,4356
의정부시,2025-06,1966,2840,2911
의정부시,2025-05,1683,2847,3077
의정부시,2025-04,2512,2894,3120
의정부시,2025-03,2568,2923,3435
의정부시,2025-02,2423,2875,3387
의정부시,2025-01,3545,3552,3820
의정부시,2024-12,1732,4868,5673
의정부시,2024-11,2564,4796,3543
의정부시,2024-10,2378,4708,3624
의정부시,2024-09,2347,4890,3349
의정부시,2024-08,1986,2818,2342
의정부시,2024-07,1328,2847,2438
의정부시,2024-06,742,2885,2452
의정부시,2024-05,1021,2607,2166
의정부시,2024-04,1274,2674,2088
의정부시,2024-03,1489,1936,2475
의정부시,2024-02,1956,2997,3307
의정부시,2024-01,612,3333,4031
이천시,2026-07,1491,14752,16032
이천시,2026-06,2267,14592,15341
이천시,2026-05,1911,16267,16022
이천시,2026-04,2576,20038,15161
이천시,2026-03,1828,11844,13460
이천시,2026-02,1377,14956,12074
이천시,2026-01,1371,9593,11876
이천시,2025-12,1516,12324,12113
이천시,2025-11,1510,12417,12562
이천시,2025-10,1429,11569,11084
이천시,2025-09,1987,15500,10461
이천시,2025-08,1830,8084,8139
이천시,2025-07,5499,9073,8133
이천시,2025-06,1374,8081,8365
이천시,2025-05,1349,8933,9409
이천시,2025-04,1666,8253,9167
이천시,2025-03,1565,7409,9137
이천시,2025-02,1876,6345,9333
이천시,2025-01,2073,17197,10350
이천시,2024-12,1469,7573,9101
이천시,2024-11,1352,7923,8935
이천시,2024-10,1847,7068,9866
이천시,2024-09,1672,13501,9295
이천시,2024-08,1308,7400,8208
이천시,2024-07,1580,7637,9107
이천시,2024-06,1044,7948,5906
이천시,2024-05,1207,7759,8087
이천시,2024-04,1405,7499,8156
이천시,2024-03,1830,7036,9003
이천시,2024-02,1886,12574,9619
이천시,2024-01,2301,6823,8556
파주시,2026-07,4464,38837,39996
파주시,2026-06,5017,34829,36610
파주시,2026-05,7094,41883,38421
파주시,2026-04,4825,36350,37012
파주시,2026-03,4280,36319,38284
파주시,2026-02,3394,39896,34049
파주시,2026-01,3777,34606,34652
파주시,2025-12,3785,32838,32656
파주시,2025-11,4073,32541,33046
파주시,2025-10,6437,32706,29607
파주시,2025-09,8479,27373,28197
파주시,2025-08,9314,25411,25267
파주시,2025-07,13716,25457,26688
파주시,2025-06,4613,27652,28922
파주시,2025-05,4439,33456,31096
파주시,2025-04,6418,28745,29258
파주시,2025-03,10981,27895,29100
파주시,2025-02,58879,20238,20415
파주시,2025-01,37392,27228,22138
파주시,2024-12,3691,21599,24386
파주시,2024-11,3782,20812,20873
파주시,2024-10,4476,20157,22085
파주시,2024-09,3796,24624,21937
파주시,2024-08,3695,20215,21634
파주시,2024-07,4265,19786,22387
파주시,2024-06,3026,18785,20495
파주시,2024-05,3816,24200,22583
파주시,2024-04,4188,19426,19740
파주시,2024-03,4560,20189,21196
파주시,2024-02,4802,29503,19276
파주시,2024-01,4031,16560,13829
평택시,2026-07,2830,16406,16806
평택시,2026-06,3208,15856,16231
평택시,2026-05,3771,15995,17031
평택시,2026-04,3453,15982,18598
평택시,2026-03,3403,17519,21058
평택시,2026-02,2769,22830,19191
평택시,2026-01,3670,19747,21138
평택시,2025-12,3802,18498,18373
평택시,2025-11,3688,19095,21785
평택시,2025-10,4990,31950,19199
평택시,2025-09,6057,12831,12941
평택시,2025-08,10090,12606,13560
평택시,2025-07,10622,17712,12425
평택시,2025-06,2954,13750,13489
평택시,2025-05,2299,12169,13618
평택시,2025-04,3570,13338,14301
평택시,2025-03,3697,13278,14815
평택시,2025-02,4300,13497,13917
평택시,2025-01,5222,19858,14187
평택시,2024-12,3111,8696,11459
평택시,2024-11,2976,12312,12906
평택시,2024-10,4225,12572,14004
평택시,2024-09,4137,16822,14222
평택시,2024-08,3217,13494,13303
평택시,2024-07,3501,12757,13058
평택시,2024-06,2349,13763,12823
평택시,2024-05,2214,11748,13026
평택시,2024-04,2523,11407,13106
평택시,2024-03,2945,10877,14355
평택시,2024-02,3578,21159,14457
평택시,2024-01,3332,11990,12139
포천시,2026-07,1351,6137,6301
포천시,2026-06,1329,5885,6367
포천시,2026-05,2004,6663,6169
포천시,2026-04,1234,5662,5160
포천시,2026-03,1448,4038,5317
포천시,2026-02,1539,8362,5692
포천시,2026-01,1362,4160,3517
포천시,2025-12,637,885,1775
포천시,2025-11,883,2625,4322
포천시,2025-10,2060,6598,5556
포천시,2025-09,2237,6035,4576
포천시,2025-08,1302,3729,3497
포천시,2025-07,3174,3543,2995
포천시,2025-06,1109,3117,3188
포천시,2025-05,919,3061,2970
포천시,2025-04,752,2828,2433
포천시,2025-03,723,2369,2322
포천시,2025-02,577,1998,1995
포천시,2025-01,48,2271,2073
포천시,2024-12,467,4433,4361
포천시,2024-11,236,387,404
포천시,2024-10,749,2591,2685
포천시,2024-09,590,2927,2212
포천시,2024-08,715,2041,1971
포천시,2024-07,905,2016,1505
포천시,2024-06,564,2249,1712
포천시,2024-05,313,2064,1854
포천시,2024-04,357,2173,2074
포천시,2024-03,429,1868,2302
포천시,2024-02,619,2540,2201
포천시,2024-01,316,2426,1957
하남시,2026-07,2104,12724,11985
하남시,2026-06,2027,12709,10829
하남시,2026-05,2422,12786,10389
하남시,2026-04,2698,8819,9481
하남시,2026-03,2808,9099,10329
하남시,2026-02,2316,10816,9368
하남시,2026-01,2414,8846,9945
하남시,2025-12,2438,10428,11193
하남시,2025-11,4429,8893,11224
하남시,2025-10,2888,12851,10339
하남시,2025-09,3681,12702,10105
하남시,2025-08,4250,8861,7964
하남시,2025-07,4872,12269,8329
하남시,2025-06,1598,5542,6239
하남시,2025-05,1718,7107,7507
하남시,2025-04,2322,7140,7521
하남시,2025-03,2452,7193,8070
하남시,2025-02,2564,7130,7578
하남시,2025-01,2858,10179,8228
하남시,2024-12,1796,5476,7651
하남시,2024-11,2158,5669,7741
하남시,2024-10,2723,5694,10168
하남시,2024-09,3222,12210,12651
하남시,2024-08,2651,13692,13522
하남시,2024-07,2340,15384,13128
하남시,2024-06,1864,18128,11829
하남시,2024-05,1770,7160,8103
하남시,2024-04,2311,7048,8114
하남시,2024-03,2148,6949,9038
하남시,2024-02,2800,10534,9331
하남시,2024-01,1934,6120,10213
화성시,2026-07,6163,90083,64552
화성시,2026-06,5260,36047,43131
화성시,2026-05,6860,57938,56458
화성시,2026-04,8390,58826,61612
화성시,2026-03,9549,58096,77333
화성시,2026-02,7805,80207,77039
화성시,2026-01,8418,72769,74469
화성시,2025-12,8083,77470,74113
화성시,2025-11,7150,71988,72105
화성시,2025-10,8543,69171,63159
화성시,2025-09,9984,79603,65574
화성시,2025-08,15229,47180,48115
화성시,2025-07,19011,50172,51028
화성시,2025-06,8043,52610,53655
화성시,2025-05,6696,51109,55844
화성시,2025-04,11225,49132,53771
화성시,2025-03,11692,55842,58351
화성시,2025-02,20855,55754,44166
화성시,2025-01,14411,97456,62969
화성시,2024-12,6058,24699,31556
화성시,2024-11,6424,25978,30428
화성시,2024-10,8548,34067,34067
화성시,2024-09,8006,38918,32742
화성시,2024-08,6864,32750,32603
화성시,2024-07,6795,33421,33325
화성시,2024-06,5567,33904,32445
화성시,2024-05,6372,33096,31715
화성시,2024-04,7931,28824,30175
화성시,2024-03,8937,29676,33436
화성시,2024-02,8745,37689,31811
화성시,2024-01,17380,39505,30436

