X,Y,BASE_DATE,ADM_CD,ADM_NM
126.989377603425,37.3205311978339,"20250630","31011540",파장동
126.971753418061,37.299591585552,"20250630","31011550",율천동
126.989322506483,37.3047034097773,"20250630","31011560",정자1동
126.998383125512,37.2922710797765,"20250630","31011570",정자2동
127.013579263864,37.2912193460351,"20250630","31011580",영화동
127.004806902897,37.3064346041611,"20250630","31011590",송죽동
127.016503055162,37.3005498148272,"20250630","31011600",조원1동
127.022965759692,37.3246429562692,"20250630","31011610",연무동
126.984660815741,37.298398543539,"20250630","31011620",정자3동
127.013239963378,37.3086451832817,"20250630","31011630",조원2동
127.005393877037,37.2600557094986,"20250630","31012520",세류1동
127.007373979016,37.2442657548554,"20250630","31012530",세류2동
127.015207800778,37.2599188614467,"20250630","31012540",세류3동
126.980102319738,37.2458060941596,"20250630","31012550",평동
126.981940147929,37.2685434218999,"20250630","31012560",서둔동
126.970453685827,37.2808688289032,"20250630","31012570",구운동
127.026988453379,37.2583548403827,"20250630","31012600",권선1동
127.023815671442,37.2363734041808,"20250630","31012610",곡선동
126.948354695771,37.2903219063404,"20250630","31012620",입북동
127.024685634836,37.246024538987,"20250630","31012640",권선2동
126.944326531388,37.2736416487843,"20250630","31012650",금곡동
126.953058977438,37.2624891633696,"20250630","31012660",호매실동
127.025034440116,37.2804292689842,"20250630","31013530",지동
127.033191906836,37.2876850372392,"20250630","31013540",우만1동
127.038584877416,37.2801874993811,"20250630","31013550",우만2동
127.03039168782,37.2687863446114,"20250630","31013560",인계동
127.015829521181,37.2692716639508,"20250630","31013670",매교동
127.005725787191,37.2690884954385,"20250630","31013680",매산동
127.002952590267,37.2743040472395,"20250630","31013690",고등동
127.001462820976,37.2807298703627,"20250630","31013700",화서1동
126.99069998493,37.2842316090398,"20250630","31013710",화서2동
127.016395770746,37.2820152525643,"20250630","31013720",행궁동
127.04025213379,37.2707935410149,"20250630","31014510",매탄1동
127.051412061831,37.2705365556268,"20250630","31014520",매탄2동
127.050075665716,37.257234545567,"20250630","31014530",매탄3동
127.049316353,37.2662574246382,"20250630","31014540",매탄4동
127.056877082788,37.2733235354414,"20250630","31014600",원천동
127.047689560309,37.3012843895559,"20250630","31014620",광교1동
127.07264960858,37.2872715096292,"20250630","31014630",광교2동
127.077196594309,37.2612970408433,"20250630","31014640",영통1동
127.054250585397,37.2476398800209,"20250630","31014650",영통2동
127.071811935185,37.2516812767979,"20250630","31014660",영통3동
127.0584570543,37.2391622093233,"20250630","31014670",망포1동
127.047377135409,37.2405624009367,"20250630","31014680",망포2동
127.140554976661,37.4409167438293,"20250630","31021510",신흥1동
127.148086726079,37.4496871311176,"20250630","31021520",신흥2동
127.146694985668,37.4429327775361,"20250630","31021530",신흥3동
127.123594251333,37.4457629619277,"20250630","31021540",태평1동
127.136406367148,37.4475954677862,"20250630","31021550",태평2동
127.132183417076,37.4453993508351,"20250630","31021560",태평3동
127.140821241101,37.4485505269404,"20250630","31021570",태평4동
127.135809222265,37.4384663926908,"20250630","31021580",수진1동
127.126041802488,37.4364307267824,"20250630","31021590",수진2동
127.157299344101,37.4549336002569,"20250630","31021600",단대동
127.15286853544,37.4566057821126,"20250630","31021610",산성동
127.166322838536,37.4641465717033,"20250630","31021620",양지동
127.105005033226,37.4498953040346,"20250630","31021640",신촌동
127.081016256959,37.4291412914744,"20250630","31021650",고등동
127.083315243757,37.4120218791636,"20250630","31021660",시흥동
127.130774070498,37.4587610308772,"20250630","31021670",복정동
127.146965459718,37.4678041912652,"20250630","31021680",위례동
127.132717348944,37.4313568837276,"20250630","31022510",성남동
127.166191241745,37.4443578436663,"20250630","31022530",금광1동
127.167905873708,37.4492270767741,"20250630","31022540",금광2동
127.16719275099,37.4524937303515,"20250630","31022550",은행1동
127.175036788467,37.4610565285375,"20250630","31022560",은행2동
127.18015292945,37.4402512094401,"20250630","31022570",상대원1동
127.158011786845,37.4352760829969,"20250630","31022580",상대원2동
127.163300189881,37.4389956192146,"20250630","31022590",상대원3동
127.145922811028,37.4281525799052,"20250630","31022600",하대원동
127.160886206009,37.4193231520691,"20250630","31022610",도촌동
127.152205680799,37.4399402750825,"20250630","31022620",중앙동
127.144647146242,37.3688883567218,"20250630","31023510",분당동
127.129413197392,37.3648492074632,"20250630","31023520",수내3동
127.115982708974,37.3790556718864,"20250630","31023530",수내1동
127.123023502804,37.3749567977508,"20250630","31023540",수내2동
127.118704856272,37.3665995151902,"20250630","31023550",정자2동
127.123054933616,37.3576030595741,"20250630","31023560",정자3동
127.149208891966,37.3855991472418,"20250630","31023580",서현1동
127.137424494737,37.3752393122529,"20250630","31023590",서현2동
127.133501060709,37.3953277589034,"20250630","31023600",이매1동
127.122058418989,37.3989358435275,"20250630","31023610",이매2동
127.12593931535,37.413070649118,"20250630","31023620",야탑1동
127.150843077845,37.4045849109537,"20250630","31023630",야탑3동
127.127441991289,37.4076818846126,"20250630","31023640",야탑2동
127.121229326354,37.34260181291,"20250630","31023670",구미동
127.058493436932,37.3818716860056,"20250630","31023680",운중동
127.095988791083,37.3629782986103,"20250630","31023710",금곡동
127.093273590205,37.3524895175645,"20250630","31023720",구미1동
127.108318740317,37.4019590470952,"20250630","31023740",삼평동
127.092649619305,37.3878539894131,"20250630","31023750",판교동
127.109912617218,37.3897131052923,"20250630","31023760",백현동
127.106761070884,37.3713401837806,"20250630","31023770",정자1동
127.111660921144,37.3667307077111,"20250630","31023780",정자동
127.037036056709,37.7360505516729,"20250630","31030520",의정부2동
127.037140367182,37.706216280894,"20250630","31030550",호원1동
127.063251552531,37.7073080249167,"20250630","31030560",장암동
127.064326451793,37.7312693648902,"20250630","31030570",신곡1동
127.068015500161,37.7454720844804,"20250630","31030580",신곡2동
127.080878042832,37.7308014320157,"20250630","31030591",송산1동
127.086236792356,37.7632164000047,"20250630","31030600",자금동
127.030677452199,37.7614925175775,"20250630","31030640",녹양동
127.030490051752,37.7206083443625,"20250630","31030650",호원2동
127.018214422911,37.7388488722325,"20250630","31030670",흥선동
127.022962689847,37.7540104057355,"20250630","31030680",가능동
127.049011030878,37.7412173681959,"20250630","31030690",의정부1동
127.093891228366,37.7399199059865,"20250630","31030700",송산2동
127.116299221247,37.7539887330572,"20250630","31030710",송산3동
127.104110204348,37.7238858556147,"20250630","31030721",고산동
126.925126075558,37.3993673362247,"20250630","31041510",안양1동
126.919507997079,37.40891151967,"20250630","31041520",안양2동
126.91276740348,37.3980399439695,"20250630","31041530",안양3동
126.91868934324,37.3968183129751,"20250630","31041540",안양4동
126.92219428607,37.3922524438713,"20250630","31041550",안양5동
126.92519210493,37.3861095881871,"20250630","31041560",안양6동
126.936658039813,37.3893816942756,"20250630","31041570",안양7동
126.930073625958,37.380184249904,"20250630","31041580",안양8동
126.90416265266,37.3780438283337,"20250630","31041590",안양9동
126.926740308359,37.4286915957006,"20250630","31041600",석수1동
126.901376285237,37.4192832968651,"20250630","31041610",석수2동
126.909253869899,37.4045427421632,"20250630","31041630",박달1동
126.888573993713,37.3961294935709,"20250630","31041640",박달2동
126.899253199189,37.4078830615807,"20250630","31041651",충훈동
126.934560547633,37.4072272820258,"20250630","31042510",비산1동
126.939159510435,37.3968949874869,"20250630","31042520",비산2동
126.951563806239,37.4199910136633,"20250630","31042530",비산3동
126.945945430773,37.393992602144,"20250630","31042540",부흥동
126.950562067679,37.396085784006,"20250630","31042550",달안동
126.957939581026,37.3966598228547,"20250630","31042580",부림동
126.975652109396,37.3925232174814,"20250630","31042590",평촌동
126.963797160181,37.3902430244242,"20250630","31042600",평안동
126.96722179509,37.3844049120449,"20250630","31042610",귀인동
126.954179597183,37.372823496701,"20250630","31042620",호계1동
126.946857248978,37.3826476458932,"20250630","31042630",호계2동
126.9602963699,37.3672081106044,"20250630","31042640",호계3동
126.953863963429,37.3876748662254,"20250630","31042650",범계동
126.95715777532,37.3811497084397,"20250630","31042660",신촌동
126.96486834579,37.3778971542327,"20250630","31042670",갈산동
126.964177425851,37.4109498428535,"20250630","31042681",관양동
126.971404598372,37.3992031781335,"20250630","31042691",인덕원동
126.781933814491,37.4923934744349,"20250630","31051511",심곡1동
126.784177509211,37.4866494412482,"20250630","31051521",심곡2동
126.774742123543,37.4896137111548,"20250630","31051531",심곡3동
126.790520522938,37.4907619681803,"20250630","31051541",원미2동
126.795146996266,37.4859842439119,"20250630","31051551",소사동
126.793130418017,37.4962611081943,"20250630","31051561",원미1동
126.810388472721,37.4923290283759,"20250630","31051571",역곡1동
126.803818053232,37.4876418294563,"20250630","31051581",역곡2동
126.802417640974,37.5024742595837,"20250630","31051591",춘의동
126.785434783141,37.5133842683806,"20250630","31051601",도당동
126.767080223777,37.4911500817448,"20250630","31051611",중동
126.759192495515,37.4914442403888,"20250630","31051621",상동
126.769201759007,37.5133825070889,"20250630","31051631",약대동
126.766077313281,37.5007827421956,"20250630","31051641",중1동
126.776283220744,37.4969028791383,"20250630","31051651",중2동
126.772714702823,37.5069072164073,"20250630","31051661",중3동
126.763234539796,37.5088611722591,"20250630","31051671",중4동
126.751254020947,37.4929639676757,"20250630","31051681",상1동
126.748519902944,37.499126628903,"20250630","31051691",상2동
126.752021225876,37.5107573912808,"20250630","31051701",상3동
126.775847100927,37.4781830758329,"20250630","31052511",심곡본1동
126.782842281656,37.4784965210731,"20250630","31052521",심곡본동
126.756648048453,37.4838565364129,"20250630","31052531",송내1동
126.768506509786,37.4798179377512,"20250630","31052541",송내2동
126.792717067179,37.4744953149915,"20250630","31052551",소사본동
126.800401569852,37.4714465346089,"20250630","31052561",소사본1동
126.808963287234,37.4689259224493,"20250630","31052571",범박동
126.822289608804,37.4676594893782,"20250630","31052581",옥길동
126.806614919886,37.4787657500622,"20250630","31052591",괴안동
126.815863893444,37.4826570226455,"20250630","31052601",역곡3동
126.808179114501,37.5136595712977,"20250630","31053511",성곡동
126.820869671511,37.5291736921959,"20250630","31053521",고강본동
126.810636120694,37.5344124452621,"20250630","31053531",고강1동
126.804054887708,37.5303770958727,"20250630","31053541",원종1동
126.800734578991,37.5254169208583,"20250630","31053551",원종2동
126.779314601036,37.5365106450056,"20250630","31053561",오정동
126.771779094677,37.5230092432056,"20250630","31053571",신흥동
126.861449911758,37.4870578656076,"20250630","31060510",광명1동
126.857737425793,37.4827701068853,"20250630","31060520",광명2동
126.856327954902,37.4800931559996,"20250630","31060530",광명3동
126.854772907601,37.477689043511,"20250630","31060540",광명4동
126.848602964115,37.4771709922427,"20250630","31060550",광명5동
126.838867450968,37.4672584190344,"20250630","31060560",광명6동
126.851230539106,37.4654886907596,"20250630","31060570",광명7동
126.869553364615,37.4889118014094,"20250630","31060580",철산1동
126.866769173444,37.4833803598835,"20250630","31060590",철산2동
126.870986398705,37.4754205174715,"20250630","31060600",철산3동
126.863296312709,37.4725751241559,"20250630","31060610",철산4동
126.866473103772,37.4574827454877,"20250630","31060620",하안1동
126.874281725577,37.4647106529108,"20250630","31060630",하안2동
126.882324115751,37.4598674304841,"20250630","31060640",하안3동
126.8796360574,37.467027528663,"20250630","31060650",하안4동
126.887319544225,37.4447242709203,"20250630","31060660",소하1동
126.855106301173,37.4295655954239,"20250630","31060680",학온동
126.876611900239,37.4350148753944,"20250630","31060690",소하2동
126.882617298183,37.4199305338785,"20250630","31060700",일직동
127.036887356877,36.9613464992442,"20250630","31070110",팽성읍
126.936634963095,36.9908911837149,"20250630","31070120",안중읍
126.857852180141,36.9874490752757,"20250630","31070130",포승읍
126.933995346849,37.0448400615557,"20250630","31070140",청북읍
127.088081849987,37.1080672701474,"20250630","31070310",진위면
127.021479697204,37.1021953260626,"20250630","31070320",서탄면
127.023440766539,37.035072510549,"20250630","31070330",고덕면
126.991264883286,37.0034268128065,"20250630","31070340",오성면
126.932127678787,36.9446637327599,"20250630","31070370",현덕면
127.06498707532,37.0537163156909,"20250630","31070510",중앙동
127.055474236789,37.0698188162708,"20250630","31070520",서정동
127.095251200128,37.0463042511441,"20250630","31070530",송탄동
127.059360842259,37.0763553517284,"20250630","31070550",지산동
127.077797235893,37.0791008264894,"20250630","31070560",송북동
127.050290939841,37.0877492351175,"20250630","31070570",신장1동
127.050329421105,37.0768120186388,"20250630","31070580",신장2동
127.106292640359,36.9816913478029,"20250630","31070590",신평동
127.071679980812,36.9925193013029,"20250630","31070600",원평동
127.08714105311,36.999946263856,"20250630","31070610",통복동
127.073080181467,37.0130305011842,"20250630","31070640",세교동
127.119835381277,36.9906315328256,"20250630","31070650",비전2동
127.140299901609,37.0009813272068,"20250630","31070660",용이동
127.123760962696,37.0150078450456,"20250630","31070670",비전1동
127.098308543639,37.0169244421093,"20250630","31070680",동삭동
127.039310486351,37.0439212719379,"20250630","31070690",고덕동
127.066853228761,37.909070904597,"20250630","31080510",생연1동
127.051290491087,37.9000822374385,"20250630","31080520",생연2동
127.054495995683,37.9083632321058,"20250630","31080530",중앙동
127.088546261555,37.9252768738793,"20250630","31080550",보산동
127.108597720896,37.8925384344185,"20250630","31080560",불현동
127.056222717446,37.9477792641236,"20250630","31080580",소요동
127.031502428662,37.909123607858,"20250630","31080600",상패동
127.065046696076,37.8807214469212,"20250630","31080610",송내동
126.870150278265,37.3132010667038,"20250630","31091510",일동
126.871823573677,37.2860287011308,"20250630","31091540",본오1동
126.870008369519,37.2946914555899,"20250630","31091550",본오2동
126.867450730855,37.3001913496566,"20250630","31091560",본오3동
126.869091267872,37.3346956581739,"20250630","31091570",부곡동
126.847670620079,37.3448075278545,"20250630","31091580",월피동
126.848901775042,37.3219375527025,"20250630","31091620",성포동
126.906298160253,37.3030899640708,"20250630","31091710",반월동
126.876684084132,37.3584933174978,"20250630","31091730",안산동
126.855323963965,37.309833917787,"20250630","31091740",이동
126.850823017384,37.2992187685067,"20250630","31091760",사동
126.844973287155,37.2842577304809,"20250630","31091770",사이동
126.831829090262,37.2928575802224,"20250630","31091780",해양동
126.826852628735,37.3397827422263,"20250630","31092590",와동
126.774342393504,37.309951515524,"20250630","31092660",초지동
126.807890486134,37.3322708311229,"20250630","31092680",선부1동
126.801041301659,37.3452263010128,"20250630","31092690",선부2동
126.822722936886,37.352289221791,"20250630","31092700",선부3동
126.588739872156,37.2384844419006,"20250630","31092720",대부동
126.831193721011,37.310369090846,"20250630","31092730",호수동
126.82574039264,37.3248891048821,"20250630","31092740",고잔동
126.836000280719,37.3254124404266,"20250630","31092750",중앙동
126.792807815426,37.3312842538889,"20250630","31092760",원곡동
126.769216841869,37.3312492578643,"20250630","31092770",신길동
126.799352428906,37.32412866273,"20250630","31092780",백운동
126.827825598696,37.6617148017127,"20250630","31101510",주교동
126.860907823052,37.6329027692749,"20250630","31101511",흥도동
126.906863645351,37.6632633793567,"20250630","31101512",삼송1동
126.874622591974,37.6519005887973,"20250630","31101513",삼송2동
126.839600780896,37.6252557419324,"20250630","31101514",행신3동
126.848287369893,37.6196276132881,"20250630","31101515",행신4동
126.864706698001,37.6714646233355,"20250630","31101520",원신동
126.845334870599,37.6596806520638,"20250630","31101540",성사1동
126.840436020195,37.6500679781436,"20250630","31101550",성사2동
126.958748231968,37.6629087733486,"20250630","31101560",효자동
126.89220932308,37.6311259325948,"20250630","31101580",창릉동
126.904211437429,37.7092884440012,"20250630","31101590",고양동
126.863728456408,37.709684518197,"20250630","31101600",관산동
126.799834783702,37.6277079315792,"20250630","31101610",능곡동
126.833025898522,37.64193720667,"20250630","31101620",화정1동
126.836564008404,37.63214775093,"20250630","31101630",화정2동
126.819794413045,37.6075009806328,"20250630","31101640",행주동
126.833822425181,37.6212872075807,"20250630","31101650",행신1동
126.840998700805,37.6073277497573,"20250630","31101660",행신2동
126.883628322706,37.6036033178897,"20250630","31101670",화전동
126.856163124993,37.5895707754774,"20250630","31101680",대덕동
126.816136351383,37.6789091566123,"20250630","31103510",식사동
126.782844931481,37.6909774604617,"20250630","31103511",중산1동
126.786729320422,37.6811240100467,"20250630","31103512",중산2동
126.778020655691,37.6704601571273,"20250630","31103530",정발산동
126.801439081386,37.6621963257295,"20250630","31103540",풍산동
126.792414553707,37.6475370515565,"20250630","31103550",백석1동
126.783794653874,37.6607426322746,"20250630","31103560",마두1동
126.782150223006,37.6533863436028,"20250630","31103570",마두2동
126.761063611082,37.6436191882635,"20250630","31103580",장항1동
126.768854955017,37.6557480855465,"20250630","31103590",장항2동
126.813811084925,37.7067574347358,"20250630","31103600",고봉동
126.784406651239,37.6422210530981,"20250630","31103610",백석2동
126.767918381845,37.6877993163469,"20250630","31104510",일산1동
126.766367175,37.6942439920482,"20250630","31104511",탄현1동
126.770576386171,37.7003434928219,"20250630","31104512",탄현2동
126.74369136074,37.695844884341,"20250630","31104513",덕이동
126.698678005903,37.6858160059055,"20250630","31104514",가좌동
126.774673906005,37.6857340676763,"20250630","31104520",일산2동
126.767812820199,37.6791273605834,"20250630","31104530",일산3동
126.765701613115,37.6696648995527,"20250630","31104550",주엽1동
126.758381554534,37.6727881388005,"20250630","31104560",주엽2동
126.748478014542,37.676520402588,"20250630","31104570",대화동
126.722810843625,37.6670810598742,"20250630","31104580",송포동
126.979288820101,37.435945881231,"20250630","31110510",중앙동
126.984139990026,37.410595104056,"20250630","31110521",갈현동
126.97681233637,37.421378310527,"20250630","31110522",원문동
126.995546367204,37.4275992760075,"20250630","31110530",별양동
126.99882480957,37.4350463589442,"20250630","31110540",부림동
127.008591277587,37.4508221053164,"20250630","31110550",과천동
127.01909798046,37.4247966173239,"20250630","31110560",문원동
127.118125115271,37.6316391479773,"20250630","31120510",갈매동
127.136687201188,37.6246850016408,"20250630","31120520",동구동
127.128014496581,37.608251737747,"20250630","31120530",인창동
127.118164418665,37.5800998203559,"20250630","31120540",교문1동
127.133821897948,37.5859435466446,"20250630","31120550",교문2동
127.149565557616,37.5977681654312,"20250630","31120560",수택1동
127.143501823545,37.5942386633489,"20250630","31120570",수택2동
127.148807740192,37.5806897760857,"20250630","31120580",수택3동
127.247108274412,37.5940231885147,"20250630","31130110",와부읍
127.315944898613,37.6528233431553,"20250630","31130111",화도읍
127.193685657273,37.7255364737214,"20250630","31130120",진접읍
127.185131060642,37.6579331957039,"20250630","31130140",진건읍
127.231463847331,37.6938143122396,"20250630","31130150",오남읍
127.143209091014,37.6534948214119,"20250630","31130160",퇴계원읍
127.126244075299,37.7098708537813,"20250630","31130310",별내면
127.304095848027,37.7263321411463,"20250630","31130340",수동면
127.299055428093,37.5667983323888,"20250630","31130350",조안면
127.249515244039,37.6638147514772,"20250630","31130510",호평동
127.235121044985,37.6464186037626,"20250630","31130520",평내동
127.212163318761,37.6320351862014,"20250630","31130530",금곡동
127.191590341531,37.6108978809715,"20250630","31130540",양정동
127.114494397613,37.6662833283364,"20250630","31130570",별내동
127.156616266955,37.6188129409605,"20250630","31130580",다산1동
127.169061480569,37.597478321093,"20250630","31130590",다산2동
127.084009766141,37.1536752193451,"20250630","31140510",중앙동
127.049124009386,37.1571463007779,"20250630","31140530",남촌동
127.029709988615,37.1842566265415,"20250630","31140550",세마동
127.045641775882,37.1428868376988,"20250630","31140560",초평동
127.051048430007,37.1720640971865,"20250630","31140571",신장1동
127.065214022413,37.1737021523886,"20250630","31140572",신장2동
127.072083444467,37.1375544375667,"20250630","31140581",대원1동
127.087133914817,37.1387834025732,"20250630","31140582",대원2동
126.799749093495,37.4534829871784,"20250630","31150510",대야동
126.780077677796,37.4386836802352,"20250630","31150520",신천동
126.774865138729,37.4128842180376,"20250630","31150530",신현동
126.807939318763,37.4324935532194,"20250630","31150540",은행동
126.823866775861,37.4063244324753,"20250630","31150550",매화동
126.85310449758,37.3802679716527,"20250630","31150560",목감동
126.834922497585,37.4323919199639,"20250630","31150590",과림동
126.721612684827,37.3408072604417,"20250630","31150611",정왕2동
126.706228045389,37.3454159718959,"20250630","31150620",정왕3동
126.752153952444,37.3579477399614,"20250630","31150640",정왕본동
126.734658223268,37.332816054302,"20250630","31150650",정왕1동
126.80879115837,37.3651669612181,"20250630","31150670",능곡동
126.779856737957,37.3567037507535,"20250630","31150680",군자동
126.758253396731,37.383874696488,"20250630","31150690",월곶동
126.806195500336,37.3894794629491,"20250630","31150700",연성동
126.785209737462,37.381598945177,"20250630","31150710",장곡동
126.731261327952,37.3626036299863,"20250630","31150720",정왕4동
126.730458162006,37.3768189941521,"20250630","31150740",배곧1동
126.716342523645,37.3631436909158,"20250630","31150750",배곧2동
126.693177237623,37.3220080657252,"20250630","31150760",거북섬동
126.9521667165,37.3540298473807,"20250630","31160510",군포1동
126.938939377593,37.3414071182668,"20250630","31160520",군포2동
126.940011671347,37.3730417666609,"20250630","31160540",산본1동
126.929836298421,37.3718816533673,"20250630","31160550",산본2동
126.945320345245,37.3659736381631,"20250630","31160560",금정동
126.937348534102,37.3585994848435,"20250630","31160570",재궁동
126.929365162224,37.3489895130942,"20250630","31160580",오금동
126.916649896425,37.3517692929921,"20250630","31160590",수리동
126.916936262267,37.3647151240631,"20250630","31160600",궁내동
126.925738189244,37.3659705359533,"20250630","31160610",광정동
126.900061590998,37.3351957888716,"20250630","31160630",대야동
126.92920221625,37.3215160131594,"20250630","31160640",송부동
126.986266111262,37.3430423163562,"20250630","31170510",고천동
126.952675893626,37.3198055337576,"20250630","31170520",부곡동
126.983795897641,37.3591866827984,"20250630","31170530",오전동
126.977123840272,37.3768355618746,"20250630","31170540",내손1동
126.982599307887,37.3861584155651,"20250630","31170550",내손2동
127.011517422318,37.3880963305129,"20250630","31170560",청계동
127.238291075088,37.5122932209321,"20250630","31180510",천현동
127.207236852764,37.5390001256452,"20250630","31180520",신장1동
127.221601579763,37.5488716118753,"20250630","31180530",신장2동
127.198083660603,37.5351374372228,"20250630","31180540",덕풍1동
127.199237972598,37.541324719638,"20250630","31180550",덕풍2동
127.204693691468,37.5511456741504,"20250630","31180560",덕풍3동
127.194225668414,37.5065842360297,"20250630","31180590",춘궁동
127.173547714847,37.5343212991484,"20250630","31180600",초이동
127.190047990647,37.5503857187038,"20250630","31180611",미사3동
127.204466841708,37.5676530807219,"20250630","31180620",미사1동
127.187777054483,37.5799084078785,"20250630","31180630",미사2동
127.161919055291,37.4797245775636,"20250630","31180650",위례동
127.162896584302,37.5189243604626,"20250630","31180660",감북동
127.161913207586,37.503026085138,"20250630","31180670",감일동
127.217568727192,37.2904959523009,"20250630","31191110",포곡읍
127.218162335997,37.3264353378959,"20250630","31191120",모현읍
127.211167576863,37.1647035030799,"20250630","31191130",이동읍
127.156653546693,37.132648535072,"20250630","31191140",남사읍
127.313336267984,37.1632336380966,"20250630","31191340",원삼면
127.37980941539,37.1437545452124,"20250630","31191350",백암면
127.288655906218,37.241928120217,"20250630","31191360",양지면
127.200616420242,37.2250375128646,"20250630","31191510",중앙동
127.212378607133,37.2535905887518,"20250630","31191530",유림동
127.251414352265,37.2038682409296,"20250630","31191540",동부동
127.186409862986,37.241177948421,"20250630","31191550",역북동
127.165590716844,37.2401874631468,"20250630","31191560",삼가동
127.123059492669,37.2773905098783,"20250630","31192520",구갈동
127.114149929666,37.2309922373843,"20250630","31192540",기흥동
127.079187863955,37.2327017810534,"20250630","31192550",서농동
127.141279643238,37.2953835818937,"20250630","31192560",구성동
127.127532770812,37.3067082799739,"20250630","31192570",마북동
127.10712302169,37.3093305222923,"20250630","31192590",보정동
127.14354733633,37.2615887322576,"20250630","31192600",상하동
127.101407774405,37.2830731547791,"20250630","31192610",신갈동
127.080273929387,37.2747812039774,"20250630","31192630",영덕1동
127.0912882005,37.2532562371959,"20250630","31192640",영덕2동
127.110870473721,37.2654951690642,"20250630","31192650",상갈동
127.131024580886,37.2450073906057,"20250630","31192660",보라동
127.164296567169,37.2857630619552,"20250630","31192670",동백1동
127.161796235812,37.2667554731572,"20250630","31192680",동백2동
127.147239248568,37.2771457420799,"20250630","31192690",동백3동
127.093227464113,37.3280594140842,"20250630","31193510",풍덕천1동
127.090973063634,37.3185305331785,"20250630","31193520",풍덕천2동
127.057603630789,37.3323695110763,"20250630","31193530",신봉동
127.107589103782,37.3302518179026,"20250630","31193550",죽전2동
127.057444166393,37.35016493326,"20250630","31193560",동천동
127.087504346607,37.3052424809332,"20250630","31193580",상현2동
127.060690451355,37.3192756154494,"20250630","31193590",성복동
127.1294133702,37.3330085060804,"20250630","31193600",죽전1동
127.125078334954,37.3251474251652,"20250630","31193610",죽전3동
127.079660400307,37.3066337267544,"20250630","31193620",상현1동
127.069403852066,37.3023316095479,"20250630","31193630",상현3동
126.780393647213,37.8742238410187,"20250630","31200110",문산읍
126.8149292258,37.8285316944294,"20250630","31200120",파주읍
126.892962413676,37.867112275551,"20250630","31200130",법원읍
126.823097293025,37.750833636606,"20250630","31200150",조리읍
126.788990031052,37.7971890537411,"20250630","31200310",월롱면
126.705818542592,37.8022196109545,"20250630","31200320",탄현면
126.883003565611,37.7766869227778,"20250630","31200350",광탄면
126.851348406847,37.9143228457397,"20250630","31200360",파평면
126.931045713582,37.9582781531431,"20250630","31200370",적성면
126.741818084722,37.9213236037217,"20250630","31200390",장단면
126.709216740659,37.7325571121355,"20250630","31200511",교하동
126.758716288424,37.7316992106432,"20250630","31200512",운정1동
126.746117807174,37.7108598335004,"20250630","31200513",운정3동
126.775909447734,37.724094958426,"20250630","31200514",운정4동
126.719004554317,37.7290813786848,"20250630","31200515",운정5동
126.72233288926,37.7147864880736,"20250630","31200516",운정6동
126.776556305612,37.750898113614,"20250630","31200520",금촌2동
126.782376913266,37.7608490290849,"20250630","31200530",금촌1동
126.748227119875,37.7799275660065,"20250630","31200540",금촌3동
126.740295805715,37.7267689491807,"20250630","31200570",운정2동
127.596425487415,37.134715887861,"20250630","31210110",장호원읍
127.506970107154,37.2731119741645,"20250630","31210120",부발읍
127.410419030701,37.3136632977736,"20250630","31210310",신둔면
127.482564622011,37.3255655664058,"20250630","31210320",백사면
127.411976047129,37.2151968176009,"20250630","31210330",호법면
127.370821698054,37.2496618014444,"20250630","31210340",마장면
127.497742086551,37.2128908673227,"20250630","31210350",대월면
127.456751527817,37.1707243325976,"20250630","31210360",모가면
127.523118194867,37.1395461332074,"20250630","31210370",설성면
127.546948137,37.0756609045364,"20250630","31210380",율면
127.445251612891,37.2834867670804,"20250630","31210510",창전동
127.450701371454,37.24305455964,"20250630","31210520",중리동
127.421682815434,37.287641586505,"20250630","31210530",관고동
127.454539383239,37.289689363429,"20250630","31210540",증포동
127.173617977972,36.9947110607158,"20250630","31220110",공도읍
127.313796822158,37.0560615093716,"20250630","31220310",보개면
127.344286449838,36.9816428241609,"20250630","31220320",금광면
127.267211414566,36.9367419184819,"20250630","31220330",서운면
127.22337268576,36.9694897488097,"20250630","31220340",미양면
127.238488625644,37.0344605894105,"20250630","31220350",대덕면
127.21998282334,37.081879756218,"20250630","31220360",양성면
127.147117651415,37.0559484130407,"20250630","31220380",원곡면
127.468755335608,37.0983331039882,"20250630","31220390",일죽면
127.42184136555,37.0486740659748,"20250630","31220400",죽산면
127.366606052411,37.0678828644106,"20250630","31220410",삼죽면
127.27151544472,37.0923248345862,"20250630","31220420",고삼면
127.283104066519,37.0043269105255,"20250630","31220510",안성1동
127.267112590123,36.9921459087712,"20250630","31220520",안성2동
127.263986091682,37.0269502403787,"20250630","31220530",안성3동
126.599615133298,37.6960040062407,"20250630","31230110",통진읍
126.762863225988,37.6065051501712,"20250630","31230120",고촌읍
126.624902604145,37.6417081578155,"20250630","31230130",양촌읍
126.571478513038,37.6463822192328,"20250630","31230340",대곶면
126.554302220618,37.7363995452232,"20250630","31230350",월곶면
126.641313173169,37.7366653027039,"20250630","31230360",하성면
126.726085995321,37.6191230988118,"20250630","31230530",사우동
126.72236407459,37.6062053831443,"20250630","31230540",풍무동
126.678739314716,37.6370881911097,"20250630","31230560",장기동
126.685378401011,37.6560502387614,"20250630","31230600",운양동
126.711104880051,37.6350415686359,"20250630","31230610",김포본동
126.663291416824,37.6479480195334,"20250630","31230620",장기본동
126.627421595212,37.6451929635277,"20250630","31230630",구래동
126.641498751375,37.6391461348218,"20250630","31230640",마산동
126.939211302236,37.2038987486002,"20250630","31240120",봉담읍
126.77534398168,37.0893994907713,"20250630","31240130",우정읍
126.927044664337,37.1145533924523,"20250630","31240140",향남읍
126.817392999063,37.2040472011306,"20250630","31240150",남양읍
126.906414495968,37.2636587585156,"20250630","31240310",매송면
126.871584381305,37.2321061648501,"20250630","31240330",비봉면
126.763575420552,37.1906255707422,"20250630","31240350",마도면
126.71977717658,37.2454258506612,"20250630","31240360",송산면
126.694987735996,37.1603971471478,"20250630","31240370",서신면
126.882080394926,37.1536812490297,"20250630","31240380",팔탄면
126.840760394621,37.0743526393388,"20250630","31240390",장안면
126.959909521704,37.0882884144047,"20250630","31240420",양감면
126.986130292979,37.161810042639,"20250630","31240430",정남면
127.038228741776,37.2197509036693,"20250630","31240520",진안동
127.035003285775,37.2033915606594,"20250630","31240530",병점1동
127.046044088972,37.2104034051462,"20250630","31240540",병점2동
127.060644283791,37.2268030573055,"20250630","31240550",반월동
126.988755016116,37.2238482543075,"20250630","31240560",기배동
127.005274293329,37.2075194994302,"20250630","31240570",화산동
127.074745572494,37.1923728201315,"20250630","31240600",동탄2동
127.07396305528,37.2102090477923,"20250630","31240610",동탄1동
127.056649629938,37.2085273380586,"20250630","31240620",동탄3동
127.111890971746,37.1956758791501,"20250630","31240640",동탄4동
127.12333980707,37.2093659980754,"20250630","31240650",동탄5동
126.819356666299,37.2822896843011,"20250630","31240670",새솔동
127.112313182463,37.1709724308406,"20250630","31240691",동탄7동
127.088616655289,37.1820014848668,"20250630","31240700",동탄6동
127.111794287733,37.1550069971745,"20250630","31240710",동탄8동
127.138855998353,37.1837611832468,"20250630","31240720",동탄9동
127.31115056708,37.3968719295647,"20250630","31250120",초월읍
127.38248627526,37.3639527552537,"20250630","31250140",곤지암읍
127.31549020546,37.3081014702429,"20250630","31250340",도척면
127.340058660152,37.4541392045932,"20250630","31250350",퇴촌면
127.320697387637,37.5028624696126,"20250630","31250360",남종면
127.234138964436,37.4595194397688,"20250630","31250380",남한산성면
127.213077897929,37.3598161810262,"20250630","31250511",오포1동
127.260965922619,37.3679461069662,"20250630","31250512",오포2동
127.161454853736,37.3643945091006,"20250630","31250513",신현동
127.167658309919,37.3505769426973,"20250630","31250514",능평동
127.252704425202,37.4054006891443,"20250630","31250540",경안동
127.262579194352,37.4250729309032,"20250630","31250550",송정동
127.271018299695,37.4025196932509,"20250630","31250560",쌍령동
127.226992237529,37.4308603730854,"20250630","31250570",탄벌동
127.204957070952,37.398288392558,"20250630","31250580",광남1동
127.228080606033,37.3840902428392,"20250630","31250590",광남2동
126.977635126117,37.7889317943283,"20250630","31260110",백석읍
127.02396409763,37.8692479569826,"20250630","31260310",은현면
126.979801376537,37.8960321363564,"20250630","31260320",남면
126.952974240253,37.8300588628865,"20250630","31260330",광적면
126.963492511381,37.7173504653158,"20250630","31260340",장흥면
127.034583171215,37.7856379314659,"20250630","31260510",양주1동
127.086935150345,37.7925861068821,"20250630","31260520",양주2동
127.074983632772,37.8568539551481,"20250630","31260530",회천1동
127.047418260663,37.8252425135919,"20250630","31260540",회천2동
127.070406237847,37.8258436444672,"20250630","31260550",회천3동
127.100896482456,37.8369674476618,"20250630","31260561",옥정1동
127.088064054571,37.8178215842478,"20250630","31260571",옥정2동
127.149057827768,37.7942949284823,"20250630","31270110",소흘읍
127.229560126252,37.8773281012254,"20250630","31270310",군내면
127.235373796343,37.7976211767206,"20250630","31270320",내촌면
127.201062547952,37.8338886704838,"20250630","31270330",가산면
127.171229793644,37.9448992205061,"20250630","31270340",신북면
127.176980743432,38.022914675134,"20250630","31270350",창수면
127.251956488516,38.0026677574852,"20250630","31270360",영중면
127.324301892119,37.9642873177338,"20250630","31270370",일동면
127.385367009652,38.0519089248139,"20250630","31270380",이동면
127.284868606525,38.0738158641386,"20250630","31270390",영북면
127.225146363067,38.1291439472615,"20250630","31270400",관인면
127.285277752047,37.8980547811279,"20250630","31270410",화현면
127.182003713344,37.8942767706176,"20250630","31270510",포천동
127.14684091194,37.8613821518788,"20250630","31270520",선단동
127.580179473728,37.209186206903,"20250630","31280110",가남읍
127.683928180629,37.1911375204044,"20250630","31280310",점동면
127.533404572127,37.3453672924443,"20250630","31280330",흥천면
127.497667594342,37.3965163319429,"20250630","31280340",금사면
127.442052877795,37.4092551163358,"20250630","31280350",산북면
127.602493522559,37.3775945865228,"20250630","31280360",대신면
127.689156527974,37.3562768264614,"20250630","31280370",북내면
127.726455053423,37.2884659197782,"20250630","31280380",강천면
127.577848812023,37.2941106476451,"20250630","31280390",세종대왕면
127.650435415397,37.2558954455463,"20250630","31280510",여흥동
127.618109286994,37.2744532042887,"20250630","31280520",중앙동
127.649049978798,37.3165007973386,"20250630","31280530",오학동
127.114686377332,38.1002768695994,"20250630","31550110",연천읍
127.037185511135,37.9944253823009,"20250630","31550120",전곡읍
127.037898744141,38.0749023640757,"20250630","31550310",군남면
127.102086793018,38.0107857047638,"20250630","31550320",청산면
126.900058091145,38.0291970719816,"20250630","31550330",백학면
126.976956939125,38.0362975360736,"20250630","31550340",미산면
126.943225915914,38.0970911125837,"20250630","31550350",왕징면
127.105868550358,38.1987700570692,"20250630","31550360",신서면
127.005944627702,38.1665793997731,"20250630","31550370",중면
126.851325744797,37.994034831551,"20250630","31550380",장남면
127.487520567654,37.8288256117664,"20250630","31570110",가평읍
127.499139392741,37.6533317747397,"20250630","31570310",설악면
127.429324232876,37.7297565326581,"20250630","31570320",청평면
127.337769719094,37.7907614345897,"20250630","31570330",상면
127.49412963277,37.9445267575566,"20250630","31570350",북면
127.371755185149,37.8671047417572,"20250630","31570360",조종면
127.514070188874,37.4935555410591,"20250630","31580110",양평읍
127.467692086598,37.4610696901702,"20250630","31580310",강상면
127.411762067335,37.4680896709079,"20250630","31580320",강하면
127.380263186254,37.5412782188799,"20250630","31580330",양서면
127.486517088644,37.5517811481865,"20250630","31580340",옥천면
127.40634260425,37.609322051136,"20250630","31580350",서종면
127.635824527813,37.5828231772431,"20250630","31580360",단월면
127.752206197157,37.5482103918862,"20250630","31580370",청운면
127.742221043449,37.442815690738,"20250630","31580380",양동면
127.651431156107,37.448682396053,"20250630","31580390",지평면
127.588288362463,37.5197401258269,"20250630","31580400",용문면
127.549498753874,37.4398944536907,"20250630","31580410",개군면
